{
    "LogisticRegression": {
        "accuracy": 0.9853039412157648,
        "precision": 0.9853073274923401,
        "recall": 0.9853039412157648,
        "f1": 0.9853038756371674
    },
    "SGDClassifier": {
        "accuracy": 0.9866399465597863,
        "precision": 0.9866399465597863,
        "recall": 0.9866399465597863,
        "f1": 0.9866399465597863
    },
    "LinearSVC": {
        "accuracy": 0.9899799599198397,
        "precision": 0.9899877508519158,
        "recall": 0.9899799599198397,
        "f1": 0.9899798794366204
    }
}