{
    "SBERT_test": {
        "accuracy": 0.9265687583444593,
        "precision": 0.926717843100543,
        "recall": 0.9265687583444593,
        "f1": 0.9265623440151742
    },
    "Transformer_v2_test": {
        "accuracy": 0.986648865153538,
        "precision": 0.9866800959061617,
        "recall": 0.986648865153538,
        "f1": 0.9866486509611544,
        "roc_auc": 0.9991586467760306
    },
    "F1_improvement": 0.06008630694598016
}