{
    "val": {
        "accuracy": 0.9392117568470274,
        "precision": 0.9392305433415518,
        "recall": 0.9392117568470274,
        "f1": 0.9392106718004394
    },
    "test": {
        "accuracy": 0.9359145527369827,
        "precision": 0.9361664559095523,
        "recall": 0.9359145527369827,
        "f1": 0.93590529843828
    },
    "best_params": {
        "C": 10
    }
}