{
    "val": {
        "accuracy": 0.9265197060788243,
        "precision": 0.9265223578672409,
        "recall": 0.9265197060788243,
        "f1": 0.9265193781858366
    },
    "test": {
        "accuracy": 0.9265687583444593,
        "precision": 0.926717843100543,
        "recall": 0.9265687583444593,
        "f1": 0.9265623440151742
    }
}