{
    "best_C": 10,
    "label_classes": [
        "AI",
        "Human"
    ],
    "val": {
        "accuracy": 0.9859719438877755,
        "precision": 0.9860147125042164,
        "recall": 0.9859719438877755,
        "f1": 0.9859717686147732,
        "roc_auc": 0.9977474341811692
    },
    "test": {
        "accuracy": 0.986648865153538,
        "precision": 0.9866800959061617,
        "recall": 0.986648865153538,
        "f1": 0.9866486509611544,
        "roc_auc": 0.9991586467760306
    }
}