{
    "val": {
        "accuracy": 0.9806279225116901,
        "precision": 0.980670323872252,
        "recall": 0.9806279225116901,
        "f1": 0.9806276804680203
    },
    "test": {
        "accuracy": 0.9839786381842457,
        "precision": 0.984009697574715,
        "recall": 0.9839786381842457,
        "f1": 0.9839783811533854
    }
}